{
    "loss": {
        "training": [
            0.4551739407622296,
            0.30072371596875397,
            0.27962385701096576,
            0.2665657673193061,
            0.25779194222844165,
            0.2503263198811075,
            0.2450650736041691,
            0.23827424256697946,
            0.2346314794343451,
            0.2296958151070968,
            0.22451121327669724,
            0.22198727597361026,
            0.21890480622001315,
            0.21494933314945386,
            0.21236398103444473,
            0.21056292627168738,
            0.20897544726081516,
            0.20853689053784247,
            0.2066918669835381,
            0.20535771289597388,
            0.20431203492309735,
            0.20348800200483072,
            0.20157785843247952,
            0.2016617195761722,
            0.2020796634580778,
            0.2007629482642464,
            0.20022465159063754,
            0.19996923726537955,
            0.1991404476373092,
            0.19825621856295544,
            0.19822548718556113,
            0.19798790566299274,
            0.19634715240934622,
            0.19654547325942828,
            0.19646322403265082,
            0.19624545846296393,
            0.19579753409261288,
            0.19768244611180347,
            0.1967923544023348,
            0.1965031358210937,
            0.1959049105644226,
            0.19557862502077353,
            0.1944551934366641,
            0.19328043642251388,
            0.19391762821570688,
            0.19293422219545944,
            0.19327293401179108,
            0.19446107745170593,
            0.19211153297320657,
            0.19241027598795685,
            0.19204671940077905,
            0.1919225713481074,
            0.19252613705137503,
            0.19204645636289017,
            0.19093763957852902,
            0.19131412389485733,
            0.1927872112263804,
            0.19234917669192605,
            0.1908250664887221,
            0.19208616083082947
        ],
        "validation": [
            0.3651335450207315,
            0.28037381390245947,
            0.27307091544314127,
            0.26394339887107293,
            0.2601297766697116,
            0.2560955780308421,
            0.24966326065179778,
            0.24550204051703942,
            0.2393043397403345,
            0.23636645769200673,
            0.2302919938796904,
            0.22773162911577924,
            0.22376292253412852,
            0.2210921797810531,
            0.21920551904817906,
            0.21713939745251726,
            0.21407351079510478,
            0.2141950119559358,
            0.21246134762356922,
            0.21067070524866988,
            0.20663201154732122,
            0.20690623798021457,
            0.20629287965414,
            0.20850492432350065,
            0.2061437106714016,
            0.2052282632851019,
            0.20274211466312408,
            0.2038785829776671,
            0.2035186890421844,
            0.19993787967577215,
            0.20171409590942105,
            0.20117215267041835,
            0.20030063172666038,
            0.20489003927242466,
            0.1979426349081644,
            0.20140301854145237,
            0.19973867695506026,
            0.20247394028233318,
            0.19740994674403492,
            0.20363373254857411,
            0.19760366038578311,
            0.19924084369729206,
            0.1979728333833741,
            0.19625748912008797,
            0.19797212685026774,
            0.1954459002832087,
            0.1962359682088945,
            0.19565735648318036,
            0.19528194244314984,
            0.19775268508166802,
            0.19794836531325086,
            0.19802490639977338,
            0.19466745962456958,
            0.19621830851566502,
            0.19538588022313466,
            0.19461772427326296,
            0.19426914758798552,
            0.19574930718759212,
            0.19770485489833645,
            0.1942924315609583
        ]
    },
    "psnr": {
        "training": [
            17.158115884532098,
            18.482461265895676,
            18.516910387122113,
            19.550888310308043,
            20.693610813306726,
            21.160930716473125,
            21.395314506862473,
            22.022454386172086,
            22.180648637854535,
            22.63936183763587,
            22.726419200067934,
            22.908367820408035,
            22.979752416196078,
            23.24327568385912,
            23.41808078600013,
            23.41052602685016,
            23.37589637092922,
            23.40761076885721,
            23.638202086738918,
            23.64470398944357,
            23.685051213140074,
            23.844586911408797,
            23.768630732660707,
            23.650378185769785,
            23.83981704711914,
            23.81829145680303,
            23.84384636257006,
            23.98409262947414,
            23.91635786968729,
            24.0561291238536,
            23.985070601753566,
            23.973024699998938,
            24.08998953777811,
            24.14315596870754,
            23.99541025576384,
            24.050604861715566,
            24.19725583947223,
            23.81410971931789,
            24.11304465584133,
            24.083009471064027,
            24.07197106402853,
            23.920356418775476,
            24.28735815960428,
            24.33533013385275,
            24.21085191809613,
            24.362840735394023,
            24.239957394807234,
            24.282441346541695,
            24.242803822393004,
            24.30403336234715,
            24.33310765805452,
            24.287492337434188,
            24.281942865122918,
            24.282098521356996,
            24.458313319994055,
            24.355316659678582,
            24.347322463989258,
            24.476976560509723,
            24.542911695397418,
            24.329318585603133
        ],
        "validation": [
            14.784213833692597,
            18.695848883652104,
            18.914818600910465,
            20.392572356433405,
            20.945043005594393,
            21.171947758372237,
            21.43639224913062,
            21.877924384140385,
            21.899330697408537,
            21.997619721947647,
            22.15730750851515,
            22.54974025633277,
            22.72432666871606,
            23.19158656422685,
            23.102155359779918,
            23.091261514803257,
            23.186034504960222,
            23.557613372802734,
            23.208708274655226,
            23.404408571196765,
            23.419221366324077,
            23.553024338512884,
            23.92698325180426,
            23.730147338495023,
            24.007179399816,
            24.18010711669922,
            24.17980850033644,
            23.547149983848012,
            24.01760059449731,
            24.289170800185786,
            24.18108954080721,
            23.78015732183689,
            24.42193882639815,
            24.1142265971114,
            24.26258854749726,
            24.378615960842225,
            24.365133145960368,
            23.6052643845721,
            24.355581050965846,
            24.020577267902652,
            24.66005343925662,
            24.0695091805807,
            24.31213323081412,
            24.69612665874202,
            24.340865298015316,
            24.76040519156107,
            24.179823340439214,
            24.42124306283346,
            24.718174725044065,
            24.553446002122833,
            24.705512023553617,
            24.426045394525296,
            24.314110034849584,
            24.597698490794112,
            24.715000106067194,
            24.2389768274819,
            24.60014106006157,
            24.05523630467857,
            24.878757616368734,
            24.54582828428687
        ]
    },