{
    "loss": {
        "training": [
            0.512740063926448,
            0.4299912996914076,
            0.33870449921359186,
            0.2747278848420019,
            0.2580824507319409,
            0.2477330170247866,
            0.2410297419713891,
            0.23826402296190677,
            0.23580803495386374,
            0.23199027582355167,
            0.22925752012625986,
            0.22742294682108838,
            0.2255377419616865,
            0.2241353742454363,
            0.22275575412356335,
            0.22010895285917365,
            0.21855767524760703,
            0.2176203993351563,
            0.21548513355462448,
            0.21451331739840301,
            0.21301931142807007,
            0.21293082185413525,
            0.21157954374085303,
            0.21097905480343362,
            0.20962418874968652,
            0.2092531751031461,
            0.2082540723292724,
            0.20737865631994995,
            0.20656811283982318,
            0.20708593078281567,
            0.20656557381153107,
            0.20533295105332913,
            0.2052838886561601,
            0.2052328910516656,
            0.20420705689036328,
            0.20487908824630405,
            0.20338962648225867,
            0.2021896068168723,
            0.20210644602775574,
            0.20343092990958173,
            0.20389478621275528,
            0.20130599711252295,
            0.20194815876691238,
            0.2011450425438259,
            0.2016242690708326,
            0.2006530709888624,
            0.19953329018924548,
            0.20086314043273096,
            0.1996617116357969,
            0.19916927037031754,
            0.20070652404557104,
            0.19938209523325381,
            0.20021408083646194,
            0.19914459534313367,
            0.19877208186232526,
            0.19884952643643256,
            0.199805969129438,
            0.1979291030894155,
            0.1990825365418973,
            0.19827667397001517
        ],
        "validation": [
            0.49058195439780633,
            0.40438685620703346,
            0.2994928091037564,
            0.2709972611287745,
            0.2583386178423719,
            0.24624070525169373,
            0.24221074290391875,
            0.23898892504412952,
            0.2351371137107291,
            0.2321662881025454,
            0.22746872829227913,
            0.227901536153584,
            0.22638891746358172,
            0.2263716212133082,
            0.22233476289888707,
            0.21980757575209547,
            0.2169736623764038,
            0.21771316193952794,
            0.21520759092598427,
            0.2152215118815259,
            0.21404354528682987,
            0.21189869867592323,
            0.2090117996785699,
            0.20967304488507713,
            0.2101097081492587,
            0.20749803977768597,
            0.20652587675466771,
            0.20851754378981707,
            0.20457066268455693,
            0.20530764467832519,
            0.20712280891290524,
            0.2077335057462134,
            0.20336109109041167,
            0.20481026935868146,
            0.2026164742504678,
            0.20194147963349413,
            0.20205301155404345,
            0.2039607443460604,
            0.19976115154057014,
            0.20491356820594975,
            0.20124679876536858,
            0.20251668553526808,
            0.20305951157721078,
            0.20586353176977576,
            0.19847969238351032,
            0.20065887563112306,
            0.2023581302747494,
            0.19964664338565455,
            0.2010304833330759,
            0.19843247205745884,
            0.20099889541544566,
            0.19917669637901028,
            0.20058825030559446,
            0.2023921111008016,
            0.1976117640733719,
            0.20024333494465527,
            0.19810465814136877,
            0.19824196216536732,
            0.197745878885432,
            0.19647969632613949
        ]
    },
    "psnr": {
        "training": [
            12.12469308272652,
            13.444290824558424,
            15.756490458612857,
            18.27353916997495,
            19.775564193725586,
            20.534549298493758,
            20.69776269663935,
            20.721113370812457,
            20.7675141873567,
            20.993493867957074,
            21.130963201108187,
            21.134990194569465,
            21.334302653437074,
            21.39582393480384,
            21.600450930388078,
            21.628890659498133,
            21.878923581994098,
            21.969724572223164,
            22.07141992320185,
            22.26190003104832,
            22.36498202448306,
            22.45382010418436,
            22.58801916371221,
            22.711178821066152,
            22.723627919736117,
            22.903347264165465,
            22.898348932680875,
            22.961569164110266,
            23.002814749012824,
            23.10117116181747,
            23.119998517243758,
            23.170665409253992,
            23.222506149955418,
            23.16036141437033,
            23.31409155804178,
            23.298141230707582,
            23.276915011198625,
            23.494471176810887,
            23.441586287125297,
            23.451517188030742,
            23.2040028779403,
            23.622699405836023,
            23.373545688131582,
            23.641709286233652,
            23.401640187139098,
            23.499781732973844,
            23.740110894908074,
            23.522736922554348,
            23.755248774652895,
            23.546759066374406,
            23.672825191331945,
            23.744911608488664,
            23.554520814315133,
            23.847629132478133,
            23.728152067764945,
            23.65601000578507,
            23.644595519356105,
            23.835724374522332,
            23.815241689267367,
            23.759457380875297
        ],
        "validation": [
            12.148580365064667,
            13.924191451654202,
            17.28159429968857,
            18.61759181138946,
            19.208797361792588,
            20.153626418695218,
            19.98551196586795,
            20.102126191302045,
            20.428881110214604,
            20.53193245864496,
            20.654737519054876,
            20.865598492506074,
            21.02750666548566,
            20.81770789914015,
            21.460342546788656,
            21.33351930757848,
            21.640946271942884,
            21.815548873529202,
            21.946003332370665,
            22.06326112514589,
            22.317642211914062,
            22.277077837688168,
            22.571567628441787,
            22.698552620120164,
            22.590748251938237,
            22.734555779433833,
            22.891195483324005,
            22.93785313862126,
            23.13715195074314,
            22.83080998862662,
            23.144946400712175,
            23.04350615710747,
            23.21757335197635,
            23.25079373615544,
            23.259889044412752,
            23.374825361298353,
            23.029929463456316,
            23.379632810267008,
            23.32811541673614,
            23.206712536695527,
            23.560204482660062,
            23.41812129136993,
            23.48516822442776,
            23.33165968918219,
            23.765025115594632,
            23.62350259176115,
            23.657622360601657,
            23.54057619048328,
            23.724023539845536,
            23.645761443347467,
            23.61297886546065,
            23.750660221751144,
            23.84727329161109,
            23.483602384241618,
            23.871655161787825,
            23.598772607198576,
            23.945641680461605,
            23.745780851782822,
            23.90324564677913,
            23.839138170567953
        ]
    },